,country,year,n_tokens,n_matched,pct_matched,anger,anticipation,disgust,fear,joy,sadness,surprise,trust,sentiment,country_clean,electoral_democracy,liberal_democracy,participatory_democracy
0,Afghanistan,2004,10498,1049,0.09992379500857305,0.19351763584366063,0.4051477597712107,0.052430886558627265,0.2697807435653003,0.32983794089609153,0.12106768350810296,0.08102955195424213,0.655862726406101,0.4852240228789323,Afghanistan,0.235,0.089,0.103
1,Albania,2008,13961,1411,0.10106725879235012,0.16513111268603828,0.40467753366406806,0.05386250885896527,0.2445074415308292,0.2806520198440822,0.1041814316087881,0.06803685329553508,0.666194188518781,0.520198440822112,Albania,0.551,0.447,0.348
2,Algeria,2008,10756,1122,0.10431387132763109,0.09803921568627451,0.44919786096256686,0.045454545454545456,0.17914438502673796,0.3226381461675579,0.10071301247771836,0.08467023172905526,0.7361853832442068,0.624777183600713,Algeria,0.329,0.165,0.144
3,Angola,2010,26408,2381,0.09016207209936383,0.17807643847123059,0.3641327173456531,0.061738765224695506,0.23519529609407813,0.27131457370852585,0.10751784964300715,0.061738765224695506,0.6509869802603948,0.5514489710205795,Angola,0.211,0.098,0.06
4,Argentina,1994,13152,1119,0.08508211678832117,0.16175156389633602,0.36550491510277033,0.1322609472743521,0.21537086684539766,0.3494191242180518,0.16264521894548703,0.08042895442359249,0.6085790884718498,0.38337801608579086,Argentina,0.834,0.633,0.576
5,Armenia,2005,13832,1363,0.09853961827646038,0.1768158473954512,0.30814380044020545,0.04695524578136464,0.3008070432868672,0.24944974321349964,0.12032281731474688,0.07556859867938372,0.632428466617755,0.48202494497432136,Armenia,0.338,0.185,0.178
6,Australia,1985,13461,933,0.06931134388232672,0.15219721329046088,0.3837084673097535,0.02679528403001072,0.22615219721329047,0.29689174705251875,0.1264737406216506,0.06002143622722401,0.7406216505894962,0.5476956055734191,Australia,0.886,0.844,0.678
7,Austria,2009,44271,4301,0.09715163425267105,0.1392699372239014,0.4875610323180656,0.04161822831899558,0.2490118577075099,0.2994652406417112,0.25877702859800045,0.20390606835619624,0.5266217158800279,0.4959311787956289,Austria,0.874,0.804,0.632
8,Azerbaijan,2009,17430,1353,0.07762478485370052,0.22764227642276422,0.35476718403547675,0.05395417590539542,0.2675535846267554,0.28824833702882485,0.10421286031042129,0.08721359940872137,0.6289726533628973,0.4656319290465632,Azerbaijan,0.212,0.07,0.076
9,Bahrain,2002,10976,892,0.08126822157434402,0.12443946188340807,0.476457399103139,0.03699551569506727,0.18721973094170405,0.3542600896860987,0.09865470852017937,0.07623318385650224,0.7062780269058296,0.600896860986547,Bahrain,0.164,0.082,0.092
10,Bangladesh,2011,26020,1955,0.07513451191391238,0.2020460358056266,0.389769820971867,0.06035805626598466,0.2966751918158568,0.2644501278772379,0.14066496163682865,0.06445012787723785,0.5682864450127877,0.4020460358056266,Bangladesh,0.416,0.168,0.182
11,Barbados,2007,33557,2584,0.07700330780463092,0.24419504643962847,0.32894736842105265,0.09829721362229102,0.3568111455108359,0.11377708978328173,0.18343653250773995,0.06153250773993808,0.5236068111455109,0.2592879256965944,Barbados,0.766,0.65,0.329
12,Belarus,2004,13664,1050,0.07684426229508197,0.16666666666666666,0.4085714285714286,0.04380952380952381,0.26857142857142857,0.2885714285714286,0.13142857142857142,0.08666666666666667,0.6295238095238095,0.4419047619047619,Belarus,0.24,0.097,0.09
13,Belgium,2012,16781,1110,0.06614623681544604,0.13873873873873874,0.43513513513513513,0.044144144144144144,0.26846846846846845,0.3990990990990991,0.12702702702702703,0.047747747747747746,0.645045045045045,0.5117117117117117,Belgium,0.9,0.835,0.65
14,Benin,1990,11474,1359,0.11844169426529545,0.16114790286975716,0.3789551140544518,0.04415011037527594,0.22737306843267108,0.2656364974245769,0.09933774834437085,0.08977189109639441,0.6754966887417219,0.5717439293598234,Benin,0.221,0.162,0.136
15,Bhutan,2008,13536,984,0.0726950354609929,0.19613821138211382,0.3119918699186992,0.052845528455284556,0.2764227642276423,0.2266260162601626,0.1209349593495935,0.08028455284552846,0.6138211382113821,0.4186991869918699,Bhutan,0.491,0.431,0.308
16,Bolivia,2009,40168,3765,0.09373132842063334,0.12855245683930944,0.43266932270916336,0.055776892430278883,0.1811420982735724,0.3644090305444887,0.09827357237715803,0.07410358565737052,0.6358565737051792,0.6047808764940239,Bolivia,0.714,0.435,0.578
17,Bosnia Herzegovina,2009,5364,388,0.07233407904548844,0.211340206185567,0.3917525773195876,0.10051546391752578,0.24484536082474226,0.3247422680412371,0.09278350515463918,0.08762886597938144,0.7087628865979382,0.5128865979381443,Bosnia and Herzegovina,0.56,0.366,0.319
18,Botswana,2002,30511,2422,0.07938120677788339,0.2101568951279934,0.300990916597853,0.07142857142857142,0.314616019818332,0.1370767960363336,0.1676300578034682,0.047481420313790254,0.5986787778695293,0.374896779521057,Botswana,0.702,0.607,0.467
19,Brazil,2014,66617,5546,0.08325202275695393,0.12225027046520015,0.4709700685178507,0.1144969347277317,0.21006130544536603,0.3685539127298954,0.23891092679408582,0.17417958889289578,0.5376848178867653,0.4545618463757663,Brazil,0.873,0.783,0.629
20,Bulgaria,2007,12706,1384,0.10892491736187628,0.1510115606936416,0.3829479768786127,0.044797687861271675,0.21604046242774566,0.2904624277456647,0.09248554913294797,0.05130057803468208,0.6719653179190751,0.5664739884393064,Bulgaria,0.705,0.611,0.441
21,Burkina Faso,2012,10209,1075,0.10529924576354198,0.11627906976744186,0.40744186046511627,0.04093023255813953,0.21767441860465117,0.32558139534883723,0.10511627906976745,0.06976744186046512,0.7088372093023256,0.5627906976744186,Burkina Faso,0.571,0.358,0.336
22,Burundi,2005,18226,1936,0.10622188082958411,0.1472107438016529,0.42768595041322316,0.04855371900826446,0.22520661157024793,0.33419421487603307,0.08522727272727272,0.061466942148760334,0.6807851239669421,0.5852272727272727,Burundi,0.299,0.148,0.226
23,Cambodia,1999,8552,988,0.11552853133769879,0.10323886639676114,0.4089068825910931,0.06781376518218624,0.17307692307692307,0.3441295546558704,0.1325910931174089,0.08097165991902834,0.7530364372469636,0.5708502024291497,Cambodia,0.321,0.125,0.12
24,Cameroon,2008,8665,816,0.09417195614541259,0.07598039215686274,0.3541666666666667,0.030637254901960783,0.15196078431372548,0.2512254901960784,0.08455882352941177,0.06004901960784314,0.7634803921568627,0.6397058823529411,Cameroon,0.311,0.153,0.157
25,Canada,2011,20767,1284,0.06182886310011075,0.11682242990654206,0.48364485981308414,0.04672897196261682,0.1690031152647975,0.3956386292834891,0.12538940809968846,0.04750778816199377,0.7219626168224299,0.5397196261682243,Canada,0.811,0.74,0.551
26,Cape Verde,1992,29314,3018,0.10295421982670397,0.17229953611663354,0.34625579854208083,0.061298873426110005,0.26507620941020543,0.2799867461895295,0.13320079522862824,0.09211398277004638,0.6116633532140491,0.476805831676607,Cape Verde,0.714,0.635,0.392
27,Central African Republic,2010,10803,1182,0.1094140516523188,0.17258883248730963,0.3866328257191201,0.04483925549915398,0.24111675126903553,0.2571912013536379,0.10998307952622674,0.07868020304568528,0.6675126903553299,0.5482233502538071,Central African Republic,0.343,0.193,0.158
28,Chad,2005,11518,1305,0.11330092029866297,0.12720306513409962,0.4314176245210728,0.045210727969348656,0.21226053639846743,0.31877394636015327,0.09042145593869731,0.06590038314176246,0.7042145593869732,0.5770114942528736,Chad,0.274,0.096,0.14
29,Chile,2012,28701,2361,0.08226194209261001,0.20415078356628547,0.32867429055484965,0.11986446421008047,0.2723422278695468,0.23295213892418468,0.14527742481999154,0.06056755612028801,0.6001694197373995,0.3439220669207963,Chile,0.893,0.844,0.581
30,China,2004,11349,996,0.08776103621464446,0.1636546184738956,0.39357429718875503,0.19879518072289157,0.22188755020080322,0.3102409638554217,0.12550200803212852,0.07028112449799197,0.6556224899598394,0.4407630522088353,China,0.102,0.073,0.054
31,Colombia,2005,46709,4177,0.08942602068123916,0.13239166866171895,0.38903519272204934,0.07469475700263346,0.2171414891070146,0.3002154656451999,0.10055063442662197,0.06248503710797223,0.6384965286090496,0.5168781422073259,Colombia,0.542,0.428,0.378
32,Comoros,2009,6226,592,0.09508512688724703,0.11824324324324324,0.3614864864864865,0.033783783783783786,0.19256756756756757,0.2972972972972973,0.09121621621621621,0.08614864864864864,0.7280405405405406,0.6368243243243243,Comoros,0.418,0.232,0.267
33,Costa Rica,2011,17280,1447,0.08373842592592592,0.13476157567380787,0.43192812715964063,0.06496199032480995,0.18797512093987562,0.3655839668279198,0.11955770559778853,0.06427090532135453,0.6613683483068418,0.5328265376641327,Costa Rica,0.91,0.856,0.7
34,Croatia,2001,12297,1195,0.09717817353826136,0.1907949790794979,0.400836820083682,0.055230125523012555,0.301255230125523,0.3205020920502092,0.11715481171548117,0.08535564853556485,0.6167364016736402,0.4535564853556485,Croatia,0.767,0.622,0.477
35,Cuba,2002,12888,1144,0.08876474239602732,0.1451048951048951,0.4117132867132867,0.05856643356643357,0.22465034965034966,0.3715034965034965,0.11101398601398602,0.07867132867132867,0.6687062937062938,0.5996503496503497,Cuba,0.113,0.041,0.043
36,Cyprus,2013,35753,2516,0.07037171705870836,0.24403815580286167,0.4236883942766296,0.07432432432432433,0.32869634340222575,0.20588235294117646,0.17527821939586646,0.05763116057233704,0.5639904610492846,0.3612877583465819,Cyprus,0.847,0.732,0.578
37,Czech Republic,2002,14484,1269,0.0876139188069594,0.1765169424743893,0.37746256895193064,0.055161544523246654,0.2631993695823483,0.32308904649330183,0.1095350669818755,0.08747044917257683,0.6540583136327817,0.4594168636721828,Czechia,0.884,0.808,0.582
38,Democratic Republic of the Congo,2011,20314,1907,0.09387614453086542,0.17199790246460409,0.40587309910854746,0.06345044572627163,0.264813843733613,0.27739905610907184,0.10277923439958049,0.0681699003670687,0.6119559517566859,0.46670162558993183,Democratic Republic of the Congo,0.347,0.15,0.226
39,Denmark,1953,6238,384,0.06155819172811799,0.1875,0.3958333333333333,0.07552083333333333,0.3229166666666667,0.2526041666666667,0.18229166666666666,0.11458333333333333,0.53125,0.3723958333333333,Denmark,0.902,0.865,0.686
40,Djibouti,2010,6458,710,0.1099411582533292,0.09859154929577464,0.3929577464788732,0.0323943661971831,0.1676056338028169,0.29577464788732394,0.07323943661971831,0.04929577464788732,0.7450704225352113,0.6408450704225352,Djibouti,0.242,0.113,0.133
41,Dominican Republic,2010,29208,2579,0.08829772665023282,0.1345482745250097,0.4354400930593253,0.08336564559906941,0.19852656068243504,0.3396665374176037,0.11244668476153548,0.07018224117875145,0.6498642884839085,0.5777433113609927,Dominican Republic,0.625,0.371,0.406
42,East Timor,2002,15302,1551,0.10135929943798197,0.2005157962604771,0.39974210186976145,0.07994842037395229,0.2901353965183752,0.30303030303030304,0.14377820760799484,0.09993552546744036,0.5693101225016118,0.38684719535783363,Timor-Leste,0.561,0.417,0.249
43,Ecuador,2008,55529,5106,0.09195195303355004,0.14786525656090874,0.43791617704661184,0.060125342734038384,0.2072072072072072,0.3019976498237368,0.10164512338425381,0.0681551116333725,0.6153544849197023,0.5665883274578927,Ecuador,0.634,0.343,0.469
44,Egypt,2014,20769,1850,0.08907506379700515,0.1589189189189189,0.4362162162162162,0.05783783783783784,0.22702702702702704,0.3318918918918919,0.09081081081081081,0.0827027027027027,0.6448648648648648,0.5502702702702703,Egypt,0.137,0.085,0.052
45,El Salvador,2003,23047,2233,0.09688896602594697,0.16614420062695925,0.412897447380206,0.059113300492610835,0.22167487684729065,0.34214061800268697,0.12628750559785043,0.06851768920734438,0.6054635020152261,0.5235109717868338,El Salvador,0.537,0.332,0.331
46,Equatorial Guinea,1995,5414,543,0.10029553010712966,0.08103130755064457,0.44014732965009207,0.02394106813996317,0.13996316758747698,0.3756906077348066,0.05156537753222836,0.0570902394106814,0.8011049723756906,0.7311233885819521,Equatorial Guinea,0.181,0.052,0.052
47,Eritrea,1997,6798,731,0.10753162694910268,0.1354309165526676,0.2982216142270862,0.049247606019151846,0.18604651162790697,0.3064295485636115,0.11491108071135431,0.1012311901504788,0.7414500683994528,0.5950752393980848,Eritrea,0.131,0.039,0.019
48,Estonia,2003,11437,1042,0.09110780799160619,0.21976967370441458,0.3522072936660269,0.09117082533589252,0.4069097888675624,0.30710172744721687,0.11708253358925144,0.08157389635316699,0.5431861804222649,0.3666026871401152,Estonia,0.868,0.808,0.641
49,Ethiopia,1994,13689,1099,0.08028343925779823,0.18653321201091902,0.4249317561419472,0.05823475887170155,0.2948134667879891,0.3448589626933576,0.16469517743403095,0.10373066424021839,0.5823475887170154,0.37488626023657873,Ethiopia,0.195,0.084,0.081
50,Fiji,2013,41806,2816,0.06735875233220112,0.18963068181818182,0.3270596590909091,0.07386363636363637,0.2897727272727273,0.14879261363636365,0.12713068181818182,0.045454545454545456,0.6061789772727273,0.4314630681818182,Fiji,0.14,0.114,0.087
51,Finland,2011,13183,1014,0.07691724190245013,0.17455621301775148,0.34023668639053256,0.055226824457593686,0.33136094674556216,0.26331360946745563,0.09763313609467456,0.0641025641025641,0.5562130177514792,0.35601577909270216,Finland,0.884,0.843,0.626
52,France,2008,14473,1153,0.07966558419125268,0.11188204683434519,0.39375542064180397,0.04336513443191674,0.2263660017346054,0.26019080659150046,0.1049436253252385,0.07892454466608846,0.6478751084128361,0.4978317432784042,France,0.885,0.816,0.659
53,Gabon,1997,11811,1217,0.10303953941241216,0.161873459326212,0.4256368118323747,0.03368940016433854,0.2654067378800329,0.26047658175842237,0.11339359079704191,0.08709942481511915,0.6351684470008216,0.5110928512736237,Gabon,0.338,0.203,0.235
54,Gambia,2004,41517,3932,0.09470819182503552,0.21286876907426247,0.3535096642929807,0.0676500508646999,0.30645981688708035,0.1650559511698881,0.11317395727365208,0.04577822990844354,0.5701932858596134,0.4440488301119023,The Gambia,0.257,0.116,0.156
55,Georgia,2004,15407,1342,0.08710326474978906,0.15797317436661698,0.2600596125186289,0.044709388971684055,0.3554396423248882,0.22280178837555886,0.13859910581222057,0.07973174366616989,0.5514157973174366,0.36661698956780925,Georgia,0.548,0.357,0.323
56,German Federal Republic,2012,27827,1925,0.06917741761598448,0.20103896103896104,0.3548051948051948,0.07532467532467532,0.3381818181818182,0.27324675324675324,0.1807792207792208,0.06337662337662338,0.5558441558441558,0.2898701298701299,Germany,0.899,0.863,0.652
57,Ghana,1996,53700,4660,0.08677839851024209,0.20278969957081544,0.41695278969957084,0.07296137339055794,0.30472103004291845,0.18068669527896997,0.10643776824034334,0.044420600858369096,0.5924892703862661,0.42682403433476396,Ghana,0.513,0.425,0.272
58,Greece,2008,27264,2137,0.07838174882629108,0.21385119326158167,0.3575105287786617,0.07346747777257838,0.33036967711745435,0.25175479644361254,0.14459522695367338,0.07112774918109499,0.5105287786616752,0.3214787084698175,Greece,0.9,0.811,0.614
59,Guatemala,1993,30479,2590,0.08497654122510581,0.14208494208494207,0.41235521235521233,0.12007722007722008,0.1915057915057915,0.3324324324324324,0.12393822393822394,0.0637065637065637,0.6351351351351351,0.48841698841698844,Guatemala,0.385,0.216,0.246
60,Guinea,2010,12810,1334,0.10413739266198282,0.1724137931034483,0.4160419790104948,0.04122938530734633,0.2383808095952024,0.2571214392803598,0.10044977511244378,0.06671664167916042,0.6596701649175413,0.5862068965517241,Guinea,0.236,0.092,0.196
61,Guinea Bissau,1991,7830,777,0.09923371647509578,0.08622908622908623,0.40283140283140284,0.04504504504504504,0.16988416988416988,0.3680823680823681,0.07850707850707851,0.05662805662805663,0.7027027027027027,0.6435006435006435,Guinea-Bissau,0.101,0.048,0.068
62,Guyana,1995,42802,3605,0.08422503621326106,0.18307905686546463,0.3120665742024965,0.09542302357836338,0.29375866851595006,0.16754507628294035,0.13536754507628293,0.04549237170596394,0.6210818307905687,0.4097087378640777,Guyana,0.444,0.298,0.23
63,Haiti,2012,20283,2178,0.10738056500517675,0.13406795224977044,0.485307621671258,0.03856749311294766,0.2130394857667585,0.4003673094582185,0.10055096418732783,0.05647382920110193,0.7006427915518825,0.5918273645546372,Haiti,0.438,0.268,0.257
64,Honduras,2012,25999,2488,0.09569598830724259,0.15916398713826366,0.4159967845659164,0.12339228295819936,0.22106109324758844,0.3597266881028939,0.12379421221864952,0.06471061093247589,0.6471061093247589,0.49397106109324757,Honduras,0.418,0.24,0.271
65,Hungary,2011,15282,1397,0.09141473629106138,0.14316392269148176,0.294201861130995,0.05511811023622047,0.28990694345025053,0.2641374373657838,0.14173228346456693,0.09949892627057981,0.6027201145311382,0.39012168933428776,Hungary,0.778,0.639,0.551
66,Iceland,1999,4178,378,0.09047391096218287,0.18518518518518517,0.4523809523809524,0.08465608465608465,0.18253968253968253,0.3835978835978836,0.15608465608465608,0.07407407407407407,0.6798941798941799,0.5,Iceland,0.868,0.781,0.615
67,India,2012,102802,6290,0.061185580047080794,0.16883942766295706,0.42130365659777425,0.04356120826709062,0.2794912559618442,0.24594594594594596,0.131637519872814,0.046104928457869634,0.6046104928457869,0.4276629570747218,India,0.659,0.525,0.434
68,Indonesia,2002,6030,545,0.09038142620232173,0.11009174311926606,0.4073394495412844,0.045871559633027525,0.2,0.3688073394495413,0.05137614678899083,0.060550458715596334,0.7486238532110092,0.6587155963302752,Indonesia,0.666,0.512,0.424
69,Iran,1989,16353,1619,0.099003240995536,0.14021000617665225,0.3971587399629401,0.0592958616429895,0.2520074119827054,0.291537986411365,0.14638665843113033,0.08956145768993205,0.6893143915997529,0.48548486720197653,Iran,0.168,0.108,0.062
70,Iraq,2005,11772,1303,0.11068637444784234,0.11972371450498849,0.5656178050652341,0.0498848810437452,0.16500383729854182,0.4182655410590944,0.08135072908672294,0.04911742133537989,0.7620874904067536,0.6546431312356101,Iraq,0.237,0.107,0.185
71,Ireland,2012,16017,1126,0.07030030592495473,0.21936056838365897,0.37211367673179396,0.03996447602131439,0.3019538188277087,0.27087033747779754,0.11190053285968028,0.08703374777975133,0.6083481349911191,0.4511545293072824,Ireland,0.897,0.822,0.644
72,Israel,2013,18294,1467,0.08019022630370613,0.1683708248125426,0.299931833674165,0.05248807089297887,0.36264485344239944,0.2842535787321063,0.15610088616223586,0.08793456032719836,0.556237218813906,0.23244717109747784,Israel,0.734,0.655,0.467
73,Italy,2012,11642,1167,0.10024050850369352,0.11996572407883462,0.46186803770351326,0.03941730934018852,0.18766066838046272,0.4155955441302485,0.23221936589545844,0.1790916880891174,0.5629820051413882,0.5741216795201372,Italy,0.869,0.793,0.688
74,Jamaica,1994,37855,2653,0.07008321225729758,0.23407463249151902,0.3754240482472672,0.07425555974368639,0.3113456464379947,0.1632114587259706,0.17037316245759518,0.05804749340369393,0.551828119110441,0.3056916698077648,Jamaica,0.623,0.486,0.387
75,Japan,1946,5098,476,0.09336994899960768,0.17016806722689076,0.48739495798319327,0.07563025210084033,0.20378151260504201,0.4264705882352941,0.1407563025210084,0.0861344537815126,0.6239495798319328,0.49789915966386555,Japan,0.309,0.275,0.193
76,Jordan,2011,10362,735,0.07093225246091488,0.16054421768707483,0.46258503401360546,0.061224489795918366,0.24353741496598638,0.38095238095238093,0.1523809523809524,0.07891156462585033,0.6489795918367347,0.46802721088435373,Jordan,0.247,0.215,0.097
77,Kazakhstan,1998,13738,1095,0.07970592517105837,0.1689497716894977,0.32054794520547947,0.0684931506849315,0.2968036529680365,0.2684931506849315,0.1278538812785388,0.09406392694063927,0.582648401826484,0.38995433789954337,Kazakhstan,0.284,0.134,0.108
78,Kenya,2010,46633,3821,0.08193768361460768,0.13713687516356973,0.34231876472127715,0.05103376079560325,0.2174823344674169,0.2457471866003664,0.09657157812091076,0.04972520282648522,0.6456425019628369,0.5317979586495681,Kenya,0.427,0.361,0.288
79,Kosovo,2008,19795,1962,0.09911593836827481,0.1564729867482161,0.33893985728848114,0.06320081549439348,0.24108053007135577,0.2471967380224261,0.12334352701325178,0.09021406727828746,0.6809378185524975,0.5224260958205912,Kosovo,0.512,0.362,0.289
80,Kuwait,1992,8500,928,0.10917647058823529,0.09913793103448276,0.3954741379310345,0.0334051724137931,0.1627155172413793,0.41487068965517243,0.07974137931034483,0.0668103448275862,0.7230603448275862,0.6648706896551724,Kuwait,0.201,0.236,0.073
81,Kyrgyz Republic,2010,14318,1318,0.09205196256460399,0.20030349013657056,0.33990895295902884,0.0834597875569044,0.3520485584218513,0.2898330804248862,0.12898330804248861,0.09939301972685888,0.5538694992412747,0.3141122913505311,Kyrgyzstan,0.381,0.26,0.237
82,Laos,2003,6423,553,0.08609683948310758,0.11030741410488246,0.4394213381555154,0.03074141048824593,0.18083182640144665,0.36528028933092227,0.07233273056057866,0.06148282097649186,0.6907775768535263,0.6618444846292948,Laos,0.09,0.089,0.091
83,Latvia,2007,4887,405,0.08287292817679558,0.1382716049382716,0.4641975308641975,0.056790123456790124,0.18518518518518517,0.4765432098765432,0.11358024691358025,0.07654320987654321,0.762962962962963,0.6098765432098765,Latvia,0.793,0.685,0.568
84,Lebanon,2004,6381,560,0.08776053910045448,0.07678571428571429,0.4589285714285714,0.025,0.1982142857142857,0.3875,0.12857142857142856,0.09107142857142857,0.6803571428571429,0.5232142857142857,Lebanon,0.355,0.207,0.13
85,Lesotho,1998,42510,3059,0.071959538932016,0.20137299771167047,0.3641712978097417,0.07518796992481203,0.34619156587119976,0.16312520431513566,0.15429879045439687,0.04838182412553122,0.5697940503432495,0.33965348152991176,Lesotho,0.371,0.288,0.188
86,Liberia,1986,11730,1029,0.08772378516624041,0.23809523809523808,0.3624878522837707,0.09912536443148688,0.3216715257531584,0.25072886297376096,0.1477162293488824,0.09718172983479106,0.5510204081632653,0.28377065111758987,Liberia,0.234,0.129,0.118
87,Libya,2011,2947,349,0.11842551747539871,0.08595988538681948,0.40114613180515757,0.10028653295128939,0.17478510028653296,0.2922636103151863,0.07736389684813753,0.07449856733524356,0.7363896848137536,0.5959885386819485,Libya,0.175,0.061,0.099
88,Lithuania,2006,14374,1196,0.08320578822874634,0.2157190635451505,0.3403010033444816,0.05936454849498328,0.31270903010033446,0.33528428093645485,0.11204013377926421,0.08277591973244147,0.568561872909699,0.44732441471571904,Lithuania,0.822,0.761,0.585
89,Luxembourg,2009,6181,582,0.09415952111308849,0.18041237113402062,0.48109965635738833,0.04639175257731959,0.24742268041237114,0.422680412371134,0.13402061855670103,0.08075601374570447,0.6323024054982818,0.44329896907216493,Luxembourg,0.871,0.79,0.636
90,Macedonia,2011,13425,1316,0.09802607076350094,0.18617021276595744,0.42629179331306993,0.06306990881458967,0.23100303951367782,0.32142857142857145,0.14285714285714285,0.09650455927051672,0.6580547112462006,0.5121580547112462,North Macedonia,0.478,0.34,0.323
91,Madagascar,2010,14884,1385,0.0930529427573233,0.16462093862815885,0.4223826714801444,0.04043321299638989,0.24115523465703972,0.2772563176895307,0.10180505415162455,0.059927797833935016,0.628158844765343,0.5371841155234657,Madagascar,0.221,0.079,0.145
92,Malawi,1999,33033,2587,0.07831562377016922,0.17433320448395825,0.31851565519907227,0.0622342481638964,0.29996134518747586,0.21260146888287593,0.13142636258214146,0.0467723231542327,0.6582914572864321,0.43254735214534207,Malawi,0.512,0.401,0.247
93,Malaysia,1996,63734,3757,0.05894812815765525,0.20069204152249134,0.37929198828852806,0.05855735959542188,0.3260580250199627,0.23369709874900185,0.14266702155975514,0.042853340431195104,0.563747671014107,0.3638541389406441,Malaysia,0.257,0.161,0.166
94,Maldives,2008,24334,2191,0.09003862907865538,0.1574623459607485,0.36421725239616615,0.07028753993610223,0.20858055682336832,0.3094477407576449,0.09675947056138749,0.0730260155180283,0.7042446371519854,0.553628480146052,Maldives,0.459,0.246,0.211
95,Mali,1992,7663,916,0.11953542998825525,0.13755458515283842,0.42903930131004364,0.03165938864628821,0.22161572052401746,0.28820960698689957,0.08296943231441048,0.07641921397379912,0.7052401746724891,0.5786026200873362,Mali,0.473,0.344,0.334
96,Malta,2011,31824,2173,0.06828179989944695,0.2208927749654855,0.3097100782328578,0.06442705936493327,0.320294523699954,0.17993557294063506,0.18407731247123793,0.05200184077312471,0.5306028531983433,0.29820524620340544,Malta,0.815,0.623,0.567
97,Mauritania,2012,7760,768,0.09896907216494845,0.1171875,0.3723958333333333,0.040364583333333336,0.18619791666666666,0.29296875,0.09765625,0.08203125,0.73046875,0.5885416666666666,Mauritania,0.471,0.23,0.169
98,Mauritius,2011,37129,3071,0.0827116270300843,0.20840117225659394,0.3126017583848909,0.08857049820905243,0.30608922175187236,0.1429501790947574,0.14457831325301204,0.042005861282969716,0.5874308042982742,0.36958645392380335,Mauritius,0.746,0.656,0.478
99,Mexico,2007,50574,3758,0.07430695614347294,0.17110164981373072,0.3520489622139436,0.09606173496540713,0.248270356572645,0.25146354443853114,0.1423629590207557,0.07503991484832358,0.5779670037253859,0.3807876530069186,Mexico,0.639,0.454,0.395
100,Moldova,2006,12915,1135,0.08788230739450252,0.15418502202643172,0.39295154185022024,0.051982378854625554,0.23083700440528634,0.33480176211453744,0.11013215859030837,0.08898678414096917,0.6273127753303964,0.4960352422907489,Moldova,0.435,0.343,0.253
101,Mongolia,2001,9455,789,0.0834479111581174,0.19011406844106463,0.34347275031685676,0.058301647655259824,0.2788339670468948,0.2623574144486692,0.10899873257287707,0.08111533586818757,0.6121673003802282,0.46134347275031684,Mongolia,0.663,0.541,0.377
102,Montenegro,2007,11358,1212,0.10670892762810354,0.22937293729372937,0.4240924092409241,0.09983498349834984,0.33085808580858084,0.2978547854785479,0.1476897689768977,0.07755775577557755,0.5693069306930693,0.3712871287128713,Montenegro,0.493,0.392,0.334
103,Morocco,2011,16064,1337,0.08322958167330677,0.13612565445026178,0.4667165295437547,0.02318623784592371,0.2243829468960359,0.3223635003739716,0.09648466716529544,0.07778608825729244,0.6342557965594615,0.5362752430815259,Morocco,0.262,0.234,0.165
104,Mozambique,2007,24020,2401,0.09995836802664446,0.14244064972927947,0.37859225322782175,0.05039566847147022,0.21199500208246563,0.27613494377342773,0.10620574760516452,0.053727613494377345,0.6605581007913369,0.5364431486880467,Mozambique,0.464,0.313,0.281
105,Myanmar,2008,40265,2468,0.06129392772879672,0.14424635332252836,0.30226904376012964,0.05429497568881685,0.3047001620745543,0.18881685575364668,0.18314424635332252,0.08670988654781199,0.6389789303079416,0.40640194489465153,Burma/Myanmar,0.096,0.018,0.049
106,Namibia,2010,24180,2026,0.08378825475599669,0.15301085883514315,0.34600197433366237,0.05330700888450148,0.23790720631786771,0.2295162882527147,0.09427443237907206,0.07354392892398816,0.6836130306021717,0.5301085883514314,Namibia,0.637,0.528,0.4
107,Nepal,2010,38566,2989,0.07750350049266193,0.19036467045834726,0.343593174974908,0.05352960856473737,0.28839076614252257,0.24155235864837737,0.13382402141184344,0.06724657075945133,0.6196052191368351,0.43994647039143525,Nepal,0.554,0.465,0.261
108,Netherlands,2008,9538,708,0.07422939819668693,0.1370056497175141,0.4858757062146893,0.038135593220338986,0.1709039548022599,0.3559322033898305,0.13983050847457626,0.07768361581920905,0.6610169491525424,0.5141242937853108,Netherlands,0.872,0.823,0.619
109,Nicaragua,2005,18968,1779,0.09378954027836356,0.14446318156267565,0.3468240584598089,0.044969083754918496,0.19392917369308602,0.3159078133783024,0.12984822934232715,0.07082630691399663,0.6767847105115233,0.5778527262507026,Nicaragua,0.591,0.372,0.358
110,Niger,2010,14414,1557,0.10801998057444151,0.17533718689788053,0.40783558124598585,0.055876685934489405,0.2466281310211946,0.2909441233140655,0.11175337186897881,0.07321772639691715,0.6589595375722543,0.5491329479768786,Niger,0.265,0.185,0.216
111,Nigeria,1999,63236,4774,0.07549497121892593,0.2172182656053624,0.3324256388772518,0.07624633431085044,0.352744030163385,0.1485127775450356,0.10829493087557604,0.04482614160033515,0.5586510263929618,0.35651445328864684,Nigeria,0.376,0.243,0.271
112,Norway,2004,7532,524,0.06956983536909188,0.21564885496183206,0.5801526717557252,0.05152671755725191,0.2958015267175573,0.3816793893129771,0.11641221374045801,0.08015267175572519,0.6297709923664122,0.46564885496183206,Norway,0.893,0.86,0.652
113,Oman,2011,7742,652,0.08421596486695944,0.15184049079754602,0.43558282208588955,0.05828220858895705,0.18558282208588958,0.3328220858895706,0.11809815950920245,0.05521472392638037,0.6656441717791411,0.5337423312883436,Oman,0.167,0.136,0.109
114,Pakistan,2012,57597,4528,0.07861520565307221,0.2226148409893993,0.36484098939929327,0.04792402826855124,0.3164752650176678,0.2067137809187279,0.12279151943462897,0.0448321554770318,0.5958480565371025,0.4032685512367491,Pakistan,0.466,0.283,0.305
115,Panama,2004,25877,2421,0.0935579858561657,0.1197852127220157,0.4159438248657579,0.055762081784386616,0.19537381247418423,0.3353985956216439,0.10821974390747625,0.05493597686906237,0.6600578273440727,0.6038826931020239,Panama,0.737,0.561,0.462
116,Papua New Guinea,1991,55053,4043,0.0734383230704957,0.19119465743259956,0.3843680435320307,0.06628741033885728,0.3408360128617363,0.2508038585209003,0.16918130101409845,0.09572099925797675,0.5654217165471185,0.32426416027702204,Papua New Guinea,0.554,0.425,0.326
117,Paraguay,2011,27775,2296,0.08266426642664267,0.13632404181184668,0.3832752613240418,0.09233449477351917,0.2029616724738676,0.33405923344947736,0.13980836236933797,0.05574912891986063,0.639808362369338,0.5108885017421603,Paraguay,0.63,0.503,0.421
118,Peoples Republic of Korea,1998,7551,904,0.11971924248443915,0.14712389380530974,0.5011061946902655,0.05641592920353982,0.1847345132743363,0.4413716814159292,0.0918141592920354,0.15265486725663716,0.7367256637168141,0.7179203539823009,North Korea,0.084,0.014,0.043
119,Peru,2009,18258,1839,0.10072297075254683,0.1625883632408918,0.36595976073953235,0.11256117455138662,0.21642196846112016,0.28276237085372485,0.11528004350190321,0.06307775965198477,0.679173463839043,0.512778684067428,Peru,0.8,0.649,0.532
120,Philippines,1987,21943,1960,0.08932233514104726,0.13622448979591836,0.39693877551020407,0.10561224489795919,0.20408163265306123,0.32908163265306123,0.12908163265306122,0.06020408163265306,0.6474489795918368,0.4433673469387755,Philippines,0.431,0.273,0.321
121,Poland,1997,20433,1771,0.08667351832819459,0.13438735177865613,0.4731789949181254,0.07792207792207792,0.2326369282891022,0.3105590062111801,0.09147374364765669,0.07284020327498589,0.6945228684359119,0.5166572557876906,Poland,0.871,0.792,0.631
122,Portugal,2005,36204,3006,0.08302949950281736,0.16001330671989356,0.3586161011310712,0.0552228875582169,0.2551563539587492,0.27245508982035926,0.11776447105788423,0.06021290751829674,0.6327345309381237,0.46407185628742514,Portugal,0.889,0.835,0.64
123,Qatar,2003,7033,712,0.1012370254514432,0.10252808988764045,0.6067415730337079,0.046348314606741575,0.14887640449438203,0.40730337078651685,0.07724719101123595,0.08707865168539326,0.7528089887640449,0.6811797752808989,Qatar,0.041,0.095,0.033
124,Republic of Korea,1987,9202,976,0.10606389915235818,0.16700819672131148,0.430327868852459,0.05635245901639344,0.2223360655737705,0.3176229508196721,0.13831967213114754,0.06659836065573771,0.6516393442622951,0.5440573770491803,South Korea,0.38,0.219,0.145
125,Romania,2003,14822,1381,0.09317231142895696,0.165821868211441,0.41346850108616945,0.05720492396813903,0.2838522809558291,0.30267921795800146,0.1057204923968139,0.09485879797248371,0.5829109341057205,0.49094858797972485,Romania,0.609,0.437,0.403
126,Russia,2008,13672,1129,0.08257753071971913,0.17006200177147918,0.3153232949512843,0.049601417183348095,0.31886625332152346,0.25686448184233834,0.08857395925597875,0.046944198405668734,0.5659875996457041,0.3870682019486271,Russia,0.302,0.139,0.186
127,Rwanda,2010,17524,1729,0.09866468842729971,0.156737998843262,0.4083285135916715,0.06824754193175246,0.23192596876807403,0.3001735106998265,0.10989010989010989,0.09196067090803933,0.6448814343551186,0.5135916714864083,Rwanda,0.217,0.133,0.193
128,Sao Tome and Principe,1990,7882,775,0.09832529814767825,0.13419354838709677,0.40774193548387094,0.06451612903225806,0.21806451612903227,0.37548387096774194,0.10451612903225807,0.09806451612903226,0.6825806451612904,0.5948387096774194,Sao Tome and Principe,0.234,0.201,0.175
129,Saudi Arabia,2005,6902,610,0.08838017965807013,0.06557377049180328,0.5819672131147541,0.09016393442622951,0.12459016393442623,0.41147540983606556,0.07377049180327869,0.05081967213114754,0.7983606557377049,0.7344262295081967,Saudi Arabia,0.019,0.042,0.026
130,Senegal,2009,10486,1079,0.10289910356666031,0.15940685820203893,0.3744207599629286,0.05375347544022243,0.21408711770157554,0.25764596848934196,0.13160333642261354,0.08526413345690455,0.6774791473586654,0.5440222428174235,Senegal,0.668,0.52,0.404
131,Serbia,2006,20041,2211,0.11032383613592137,0.19764812302125734,0.35006784260515605,0.08276797829036635,0.2912709181365898,0.24016282225237448,0.1546811397557666,0.0877431026684758,0.5617367706919946,0.38986883763003166,Serbia,0.633,0.524,0.439
132,Seychelles,2011,38149,3058,0.08015937508191565,0.18737737083060824,0.2844996729888816,0.051667756703727925,0.25801177240026163,0.1422498364944408,0.12197514715500327,0.0539568345323741,0.6173969914977109,0.44538914323086987,Seychelles,0.479,0.377,0.183
133,Sierra Leone,2008,44338,3543,0.07990888177184356,0.2260795935647756,0.38018628281117695,0.06576347727914197,0.322890206040079,0.16624329664126447,0.1117696867061812,0.04092576912221282,0.5475585661868473,0.410386677956534,Sierra Leone,0.517,0.325,0.344
134,Singapore,2010,43708,3294,0.07536377779811476,0.1196114146933819,0.3582270795385549,0.05130540376442016,0.2668488160291439,0.1891317547055252,0.11870066788099574,0.044930176077717064,0.6344869459623558,0.43806921675774135,Singapore,0.39,0.314,0.102
135,Slovakia,2001,18292,1811,0.09900502952110213,0.17614577581446714,0.42794036443953615,0.053561568194367755,0.23191606847045831,0.26559911651021534,0.13141910546659305,0.08337934842628382,0.6167863059083379,0.5201546107123136,Slovakia,0.849,0.75,0.669
136,Slovenia,2006,12761,1427,0.1118250920774234,0.16608269096005607,0.3721093202522775,0.050455501051156273,0.20953048353188508,0.3209530483531885,0.10581639803784162,0.08128941836019622,0.6923615977575333,0.562718990889979,Slovenia,0.823,0.734,0.701
137,Socialist Republic of Vietnam,2001,12143,1156,0.09519888001317632,0.17128027681660898,0.3892733564013841,0.07352941176470588,0.2491349480968858,0.33304498269896193,0.11332179930795848,0.07093425605536333,0.653114186851211,0.5813148788927336,Vietnam,0.152,0.092,0.171
138,Solomon Islands,2009,33339,2446,0.07336752752032155,0.2338511856091578,0.38798037612428454,0.08912510220768602,0.3491414554374489,0.19582992641046607,0.15208503679476695,0.053556827473426,0.5249386753883892,0.3233851185609158,Solomon Islands,0.564,0.436,0.329
139,Somalia,2012,21402,1540,0.07195589197271283,0.18441558441558442,0.36428571428571427,0.06103896103896104,0.30064935064935067,0.2545454545454545,0.1318181818181818,0.06948051948051948,0.5928571428571429,0.40714285714285714,Somalia,0.167,0.107,0.087
140,South Africa,2012,45404,3631,0.07997092767157078,0.15257504819608922,0.3646378408152024,0.03304874690167998,0.19498760671991186,0.22555769760396585,0.1093362709997246,0.04709446433489397,0.6879647480033049,0.570641696502341,South Africa,0.779,0.668,0.522
141,South Sudan,2011,26662,2532,0.09496661915835271,0.10781990521327015,0.3076619273301738,0.05055292259083728,0.24644549763033174,0.2578988941548183,0.08807266982622433,0.06279620853080568,0.656003159557662,0.48420221169036337,South Sudan,0.194,0.1,0.081
142,Spain,2011,18244,1534,0.08408243806182855,0.12972620599739243,0.3728813559322034,0.08148631029986962,0.2516297262059974,0.303129074315515,0.11929595827900913,0.06388526727509779,0.6179921773142112,0.4361147327249022,Spain,0.893,0.821,0.651
143,Sri Lanka,2010,58971,4328,0.07339200624035543,0.224815157116451,0.4165896487985213,0.06122920517560074,0.3096118299445471,0.2000924214417745,0.11968576709796673,0.057763401109057304,0.5711645101663586,0.4542513863216266,Sri Lanka,0.386,0.244,0.221
144,Sudan,2005,26639,2565,0.09628739817560719,0.11695906432748537,0.32085769980506823,0.04912280701754386,0.22807017543859648,0.26705653021442494,0.08888888888888889,0.05497076023391813,0.6491228070175439,0.4935672514619883,Sudan,0.198,0.061,0.088
145,Surinam,1992,12559,1364,0.10860737319850307,0.10263929618768329,0.4010263929618768,0.03519061583577713,0.20381231671554254,0.34750733137829914,0.093841642228739,0.06158357771260997,0.7096774193548387,0.5887096774193549,Suriname,0.75,0.626,0.514
146,Swaziland,2005,48136,3582,0.07441415988033905,0.20798436627582356,0.37995533221663874,0.07202680067001675,0.3163037409268565,0.2185929648241206,0.14935790061418203,0.05583472920156337,0.562534896705751,0.36180904522613067,Eswatini,0.128,0.096,0.123
147,Sweden,2012,60356,5132,0.08502882894824045,0.11691348402182385,0.4725253312548714,0.04793452844894778,0.2609119251753702,0.4078332034294622,0.24240062353858144,0.1504286827747467,0.5237724084177708,0.44076383476227593,Sweden,0.917,0.886,0.673
148,Switzerland,2002,16911,1364,0.08065756016793803,0.14222873900293256,0.4501466275659824,0.0593841642228739,0.22434017595307917,0.42008797653958946,0.20821114369501467,0.12756598240469208,0.5278592375366569,0.3225806451612903,Switzerland,0.889,0.837,0.79
149,Syria,2012,8395,874,0.10410958904109589,0.12242562929061784,0.38443935926773454,0.030892448512585814,0.14759725400457666,0.3306636155606407,0.06636155606407322,0.04691075514874142,0.7791762013729977,0.700228832951945,Syria,0.144,0.031,0.047
150,Taiwan,2005,11355,1004,0.0884191985909291,0.0796812749003984,0.4262948207171315,0.030876494023904383,0.20816733067729085,0.36254980079681276,0.11752988047808766,0.10657370517928287,0.7250996015936255,0.5647410358565738,Taiwan,0.771,0.675,0.577
151,Tajikistan,2003,8013,721,0.08997878447522775,0.20110957004160887,0.3509015256588072,0.0651872399445215,0.2829403606102635,0.3065187239944521,0.1289875173370319,0.08876560332871013,0.6033287101248266,0.435506241331484,Tajikistan,0.245,0.082,0.098
152,Tanzania,1995,34002,2872,0.08446561966943121,0.15877437325905291,0.2395543175487465,0.045612813370473536,0.28168523676880225,0.17444289693593315,0.10584958217270195,0.04073816155988858,0.6176880222841226,0.4766713091922006,Tanzania,0.473,0.394,0.23
153,Thailand,2007,44723,3744,0.0837153142678264,0.18990384615384615,0.3605769230769231,0.08012820512820513,0.29246794871794873,0.21314102564102563,0.13942307692307693,0.07852564102564102,0.5886752136752137,0.36885683760683763,Thailand,0.181,0.18,0.121
154,Togo,2007,10668,1188,0.11136107986501688,0.15824915824915825,0.41835016835016836,0.0361952861952862,0.23653198653198654,0.2946127946127946,0.08417508417508418,0.06902356902356903,0.6717171717171717,0.5774410774410774,Togo,0.355,0.194,0.158
155,Trinidad and Tobago,2007,32234,2386,0.07402121982999317,0.19111483654652137,0.3189438390611903,0.07124895222129086,0.29295892707460186,0.1672254819782062,0.16429170159262363,0.05322715842414082,0.6022632020117351,0.3977367979882649,Trinidad and Tobago,0.781,0.666,0.499
156,Tunisia,2014,13132,1493,0.11369174535485836,0.12860013395847286,0.33556597454789017,0.034829202947086406,0.23576691225720026,0.25452109845947757,0.07434695244474213,0.06296048225050234,0.6925653047555258,0.5264567983924984,Tunisia,0.745,0.632,0.424
157,Turkey,2002,30147,2862,0.09493481938501343,0.16561844863731656,0.42592592592592593,0.039133473095737246,0.20999301187980432,0.2564640111809923,0.11495457721872816,0.06778476589797344,0.6509433962264151,0.5737246680642907,Türkiye,0.636,0.487,0.386
158,Turkmenistan,2008,6056,572,0.09445178335535007,0.12062937062937062,0.42832167832167833,0.043706293706293704,0.18356643356643357,0.3881118881118881,0.10839160839160839,0.06643356643356643,0.7115384615384616,0.6258741258741258,Turkmenistan,0.141,0.025,0.042
159,Uganda,2005,50547,3813,0.07543474390171523,0.17046944662995017,0.37319695777602935,0.06582743246787306,0.3191712562286913,0.21374246000524522,0.1064778389719381,0.04589562024652505,0.5887752425911356,0.3865722528193024,Uganda,0.294,0.231,0.23
160,Ukraine,2004,19320,1533,0.07934782608695652,0.19569471624266144,0.3202870189171559,0.046966731898238745,0.26810176125244617,0.2720156555772994,0.11676451402478799,0.08023483365949119,0.6105675146771037,0.5303326810176126,Ukraine,0.383,0.271,0.252
161,United Arab Emirates,2004,11459,1041,0.09084562352735841,0.11527377521613832,0.5283381364073007,0.043227665706051875,0.16714697406340057,0.287223823246878,0.09125840537944284,0.04514889529298751,0.7579250720461095,0.681075888568684,United Arab Emirates,0.019,0.068,0.014
162,United States of America,1992,7715,714,0.09254698639014906,0.16526610644257703,0.2773109243697479,0.14565826330532214,0.16526610644257703,0.24089635854341737,0.14285714285714285,0.0784313725490196,0.7184873949579832,0.42436974789915966,United States of America,0.872,0.809,0.627
163,Uruguay,2004,30409,2473,0.08132460784636128,0.16215123331985443,0.44642135058633237,0.08532147189648201,0.21674080064698747,0.3788920339668419,0.168216740800647,0.0909826122118884,0.6623534169025476,0.4367165386170643,Uruguay,0.874,0.808,0.74
164,Uzbekistan,1992,8048,645,0.0801441351888668,0.16589147286821707,0.4697674418604651,0.031007751937984496,0.2248062015503876,0.35968992248062015,0.07596899224806201,0.06356589147286822,0.6837209302325581,0.6372093023255814,Uzbekistan,0.203,0.057,0.067
165,Vanuatu,1983,8467,759,0.08964214007322546,0.13306982872200263,0.48484848484848486,0.039525691699604744,0.22924901185770752,0.25823451910408435,0.1080368906455863,0.08695652173913043,0.616600790513834,0.5046113306982872,Vanuatu,0.699,0.584,0.348
166,Venezuela,2009,36670,3342,0.09113716934824106,0.10323159784560143,0.4078396169958109,0.056253740275284264,0.14991023339317774,0.33871932974266905,0.10682226211849193,0.06882106523040096,0.6702573309395572,0.6361460203470976,Venezuela,0.431,0.16,0.3
167,Yemen,2001,10898,967,0.08873187740869884,0.12719751809720786,0.40847983453981385,0.04963805584281282,0.2171664943123061,0.33195449844881075,0.10754912099276112,0.07549120992761117,0.6907962771458118,0.532574974146846,Yemen,0.261,0.136,0.161
168,Zambia,2009,30280,2516,0.08309114927344782,0.21303656597774245,0.2833863275039746,0.08545310015898251,0.3251192368839428,0.14705882352941177,0.1573926868044515,0.03457869634340222,0.5882352941176471,0.33585055643879175,Zambia,0.517,0.426,0.328
169,Zimbabwe,2013,54741,4622,0.08443397088105807,0.16032020770229338,0.3420597144093466,0.06057983556901774,0.2550843790566854,0.22111639982691475,0.12613587191691908,0.05127650367806145,0.6495023799221117,0.5179575941151017,Zimbabwe,0.289,0.209,0.233
