,country_name,year_amended,doc_len,country_text_id,dem_year,electoral_democracy,liberal_democracy,participatory_democracy,deliberative_democracy,egalitarian_democracy,freedom_expression,freedom_association,suffrage,free_fair_elections,rule_of_law,judicial_constraints,legislative_constraints,regime_type,accountability,presidentialism,civil_liberties,political_exclusion,political_corruption,public_sector_corruption,gender_equality_index,fh_political_rights,fh_civil_liberties,fh_total_score,fh_status
0,Afghanistan,2004,66806,AFG,2024.0,0.08,0.014,0.012,0.024,0.028,0.08,0.05,1.0,0.0,0.016,0.095,0.174,0.0,-1.333,0.944,0.042,,0.681,0.686,0.049,1.0,5.0,6.0,NF
1,Albania,2008,86022,ALB,2024.0,0.51,0.398,0.305,0.256,0.367,0.693,0.812,1.0,0.487,0.905,0.648,0.692,2.0,0.748,0.293,0.876,,0.627,0.651,0.901,28.0,40.0,68.0,PF
2,Algeria,2008,66590,DZA,2024.0,0.26,0.123,0.094,0.169,0.24,0.348,0.302,1.0,0.308,0.48,0.133,0.273,1.0,-0.255,0.818,0.418,,0.662,0.595,0.625,10.0,22.0,32.0,NF
3,Andorra,1993,55687,,,,,,,,,,,,,,,,,,,,,,,,,,
4,Angola,2010,175148,AGO,2024.0,0.342,0.161,0.1,0.161,0.128,0.486,0.612,1.0,0.293,0.601,0.234,0.164,1.0,0.046,0.754,0.624,,0.546,0.471,0.757,10.0,18.0,28.0,NF
5,Antigua and Barbuda,1981,214275,,,,,,,,,,,,,,,,,,,,,,,,,,
6,Argentina,1994,82255,ARG,2024.0,0.721,0.558,0.462,0.443,0.544,0.766,0.863,1.0,0.879,0.844,0.627,0.804,2.0,1.158,0.265,0.859,,0.39,0.467,0.845,35.0,50.0,85.0,F
7,Armenia,2005,86487,ARM,2024.0,0.625,0.412,0.321,0.453,0.508,0.73,0.891,1.0,0.681,0.839,0.382,0.603,2.0,0.959,0.516,0.822,,0.372,0.315,0.888,23.0,31.0,54.0,PF
8,Australia,1985,81224,AUS,2024.0,0.848,0.796,0.631,0.774,0.723,0.923,0.875,1.0,0.962,0.957,0.988,0.94,3.0,1.718,0.01,0.918,,0.029,0.02,0.909,38.0,57.0,95.0,F
9,Austria,2009,275162,AUT,2024.0,0.84,0.762,0.58,0.715,0.724,0.923,0.893,1.0,0.929,0.931,0.938,0.904,3.0,1.509,0.057,0.91,,0.114,0.089,0.901,37.0,56.0,93.0,F
10,Azerbaijan,2009,110090,AZE,2024.0,0.174,0.053,0.044,0.038,0.115,0.118,0.15,1.0,0.096,0.312,0.013,0.055,1.0,-1.08,0.977,0.302,,0.902,0.757,0.624,0.0,7.0,7.0,NF
11,Bahamas,2002,227497,,,,,,,,,,,,,,,,,,,,,,,,,,
12,Bahrain,2002,66490,BHR,2024.0,0.138,0.062,0.054,0.06,0.122,0.163,0.139,1.0,0.274,0.34,0.088,0.113,0.0,-0.583,0.871,0.3,,0.47,0.425,0.565,2.0,10.0,12.0,NF
13,Bangladesh,2011,158974,BGD,2024.0,0.225,0.097,0.106,0.144,0.114,0.444,0.477,1.0,0.056,0.545,0.309,,1.0,-0.244,0.738,0.56,,0.922,0.966,0.61,15.0,25.0,40.0,PF
14,Barbados,2007,199629,BRB,2024.0,0.802,0.685,0.35,0.717,0.681,0.92,0.879,1.0,0.875,0.906,0.93,0.727,3.0,1.39,0.076,0.92,,0.073,0.065,0.895,37.0,57.0,94.0,F
15,Belarus,2004,85386,BLR,2024.0,0.16,0.036,0.054,0.029,0.228,0.029,0.069,1.0,0.172,0.183,0.006,0.029,0.0,-1.389,0.99,0.214,,0.419,0.308,0.688,2.0,6.0,8.0,NF
16,Belgium,2012,103438,BEL,2024.0,0.891,0.81,0.636,0.793,0.824,0.969,0.895,1.0,0.972,0.979,0.88,0.889,3.0,1.709,0.071,0.955,,0.031,0.033,0.952,39.0,57.0,96.0,F
17,Belize,2001,235373,,,,,,,,,,,,,,,,,,,,,,,,,,
18,Benin,1990,70742,BEN,2024.0,0.491,0.323,0.279,0.301,0.385,0.686,0.609,1.0,0.638,0.87,0.598,0.29,1.0,0.509,0.422,0.832,,0.191,0.12,0.891,19.0,42.0,61.0,PF
19,Bhutan,2008,84780,BTN,2024.0,0.565,0.457,0.349,0.509,0.478,0.704,0.624,1.0,0.866,0.771,0.802,0.833,2.0,0.93,0.169,0.724,,0.148,0.183,0.707,30.0,33.0,63.0,PF
20,Bolivia,2009,269497,BOL,2024.0,0.577,0.31,0.389,0.323,0.38,0.726,0.76,1.0,0.687,0.724,0.263,0.349,2.0,0.574,0.663,0.766,,0.654,0.495,0.802,27.0,39.0,66.0,PF
21,Bosnia Herzegovina,2009,35128,,,,,,,,,,,,,,,,,,,,,,,,,,
22,Botswana,2002,180775,BWA,2024.0,0.595,0.47,0.331,0.311,0.432,0.794,0.864,1.0,0.616,0.855,0.796,0.706,2.0,1.034,0.2,0.841,,0.242,0.345,0.711,28.0,44.0,72.0,F
23,Brazil,2014,437141,BRA,2024.0,0.799,0.712,0.55,0.735,0.569,0.923,0.905,1.0,0.838,0.83,0.954,0.933,2.0,1.544,0.034,0.853,,0.438,0.242,0.831,30.0,42.0,72.0,F
24,Brunei,1984,82463,,,,,,,,,,,,,,,,,,,,,,,,,,
25,Bulgaria,2007,80415,BGR,2024.0,0.645,0.533,0.453,0.526,0.482,0.817,0.832,1.0,0.691,0.835,0.815,0.848,2.0,1.147,0.167,0.875,,0.579,0.472,0.91,32.0,46.0,78.0,F
26,Burkina Faso,2012,63686,BFA,2024.0,0.154,0.126,0.12,0.073,0.158,0.348,0.384,1.0,0.0,0.588,0.42,0.218,0.0,-0.35,0.531,0.5,,0.384,0.363,0.615,3.0,24.0,27.0,NF
27,Burundi,2005,114629,BDI,2024.0,0.178,0.062,0.104,0.056,0.087,0.158,0.215,1.0,0.07,0.242,0.061,0.152,1.0,-0.778,0.933,0.251,,0.827,0.874,0.667,4.0,10.0,14.0,NF
28,Cambodia,1999,54015,KHM,2024.0,0.184,0.048,0.063,0.079,0.083,0.162,0.198,1.0,0.092,0.19,0.071,0.035,1.0,-0.811,0.938,0.256,,0.904,0.861,0.504,4.0,19.0,23.0,NF
29,Cameroon,2008,54176,CMR,2024.0,0.277,0.126,0.108,0.111,0.192,0.593,0.368,1.0,0.131,0.512,0.139,0.219,1.0,-0.1,0.849,0.535,,0.932,0.933,0.793,6.0,9.0,15.0,NF
30,Canada,2011,127965,CAN,2024.0,0.841,0.744,0.583,0.655,0.63,0.941,0.867,1.0,0.937,0.911,0.918,0.845,2.0,1.5,0.073,0.902,,0.03,0.009,0.868,39.0,58.0,97.0,F
31,Cape Verde,1992,191071,CPV,2024.0,0.752,0.642,0.457,0.555,0.568,0.858,0.892,1.0,0.836,0.885,0.883,0.845,2.0,1.326,0.112,0.912,,0.261,0.325,0.838,,,,
32,Central African Republic,2010,67780,CAF,2024.0,0.299,0.097,0.132,0.137,0.128,0.589,0.458,1.0,0.163,0.231,0.134,0.158,1.0,-0.194,0.832,0.437,,0.851,0.872,0.581,1.0,4.0,5.0,NF
33,Chad,2005,72620,TCD,2024.0,0.202,0.054,0.119,0.112,0.074,0.471,0.402,1.0,0.055,0.189,0.009,0.127,1.0,-0.451,0.976,0.303,,0.952,0.968,0.596,1.0,14.0,15.0,NF
34,Chile,2012,179529,CHL,2024.0,0.845,0.786,0.595,0.773,0.625,0.928,0.868,1.0,0.956,0.94,0.941,0.976,3.0,1.666,0.031,0.931,,0.075,0.103,0.909,38.0,56.0,94.0,F
35,China,2004,73882,CHN,2024.0,0.073,0.037,0.031,0.065,0.08,0.043,0.036,1.0,0.0,0.231,0.027,0.098,0.0,-1.375,0.931,0.175,,0.55,0.498,0.587,-2.0,11.0,9.0,NF
36,Colombia,2005,301158,COL,2024.0,0.698,0.554,0.477,0.487,0.425,0.84,0.898,1.0,0.756,0.688,0.846,0.845,2.0,1.235,0.112,0.737,,0.396,0.322,0.803,31.0,39.0,70.0,F
37,Comoros,2009,38632,COM,2024.0,0.276,0.122,0.195,0.127,0.223,0.464,0.512,1.0,0.142,0.386,0.201,0.216,1.0,-0.247,0.786,0.469,,0.809,0.778,0.555,16.0,26.0,42.0,PF
38,Congo,2001,69926,,,,,,,,,,,,,,,,,,,,,,,,,,
39,Costa Rica,2011,108640,CRI,2024.0,0.862,0.809,0.608,0.787,0.762,0.915,0.922,1.0,0.944,0.962,0.95,0.956,3.0,1.733,0.033,0.931,,0.206,0.191,0.92,38.0,53.0,91.0,F
40,Cote DIvoire,2009,49874,,,,,,,,,,,,,,,,,,,,,,,,,,
41,Croatia,2001,77749,HRV,2024.0,0.71,0.607,0.478,0.503,0.556,0.766,0.82,1.0,0.907,0.9,0.828,0.871,2.0,1.167,0.133,0.897,,0.254,0.288,0.917,34.0,49.0,83.0,F
42,Cuba,2002,82260,CUB,2024.0,0.178,0.056,0.055,0.098,0.238,0.09,0.019,1.0,0.296,0.223,0.09,0.084,0.0,-1.067,0.901,0.3,,0.631,0.873,0.706,1.0,11.0,12.0,NF
43,Cyprus,2013,215971,CYP,2024.0,0.777,0.653,0.492,0.644,0.687,0.823,0.894,1.0,0.909,0.935,0.826,0.77,3.0,1.268,0.131,0.891,,0.161,0.207,0.846,38.0,54.0,92.0,F
44,Czech Republic,2002,90005,,,,,,,,,,,,,,,,,,,,,,,,,,
45,Democratic Republic of the Congo,2011,129792,COD,2024.0,0.308,0.123,0.201,0.223,0.161,0.578,0.506,1.0,0.18,0.239,0.224,0.278,1.0,-0.03,0.747,0.399,,0.905,0.875,0.558,,,,
46,Denmark,1953,36816,DNK,2024.0,0.917,0.885,0.704,0.871,0.88,0.985,0.929,1.0,0.961,0.986,0.984,0.968,3.0,1.974,0.013,0.96,,0.004,0.005,0.959,40.0,57.0,97.0,F
47,Djibouti,2010,40215,DJI,2024.0,0.25,0.118,0.144,0.144,0.195,0.336,0.392,1.0,0.167,0.448,0.268,0.141,1.0,-0.242,0.748,0.404,,0.686,0.715,0.588,5.0,19.0,24.0,NF
48,Dominica,1984,211553,,,,,,,,,,,,,,,,,,,,,,,,,,
49,Dominican Republic,2010,187809,DOM,2024.0,0.71,0.495,0.464,0.633,0.399,0.899,0.878,1.0,0.72,0.763,0.749,0.452,2.0,1.144,0.225,0.874,,0.562,0.654,0.825,27.0,41.0,68.0,PF
50,East Timor,2002,99395,,,,,,,,,,,,,,,,,,,,,,,,,,
51,Ecuador,2008,370379,ECU,2024.0,0.641,0.443,0.491,0.348,0.305,0.742,0.774,1.0,0.816,0.692,0.485,0.781,2.0,0.952,0.383,0.756,,0.655,0.646,0.791,29.0,38.0,67.0,PF
52,Egypt,2014,132906,EGY,2024.0,0.186,0.123,0.079,0.105,0.107,0.178,0.138,1.0,0.147,0.316,0.605,0.172,1.0,-0.573,0.47,0.243,,0.729,0.792,0.566,6.0,12.0,18.0,NF
53,El Salvador,2003,147594,SLV,2024.0,0.335,0.09,0.199,0.138,0.132,0.392,0.666,1.0,0.314,0.299,0.021,0.052,1.0,-0.23,0.963,0.484,,0.684,0.611,0.602,21.0,32.0,53.0,PF
54,Equatorial Guinea,1995,35600,GNQ,2024.0,0.176,0.049,0.047,0.046,0.11,0.139,0.158,1.0,0.086,0.176,0.011,0.144,1.0,-0.829,0.971,0.181,,0.837,0.809,0.474,0.0,5.0,5.0,NF
55,Eritrea,1997,42976,ERI,2024.0,0.069,0.009,0.008,0.022,0.1,0.024,0.023,1.0,0.0,0.025,0.028,0.092,0.0,-1.676,0.977,0.048,,0.728,0.737,0.159,1.0,2.0,3.0,NF
56,Estonia,2003,70192,EST,2024.0,0.893,0.848,0.625,0.784,0.805,0.969,0.908,1.0,0.961,0.979,0.969,0.955,3.0,1.826,0.022,0.963,,0.025,0.037,0.942,38.0,57.0,95.0,F
57,Ethiopia,1994,87381,ETH,2024.0,0.26,0.093,0.131,0.186,0.163,0.245,0.363,1.0,0.339,0.324,0.186,0.088,1.0,-0.274,0.792,0.286,,0.52,0.655,0.684,10.0,10.0,20.0,NF
58,Fiji,2013,276068,FJI,2024.0,0.514,0.41,0.268,0.422,0.377,0.747,0.721,1.0,0.54,0.805,0.828,0.71,2.0,0.78,0.195,0.769,,0.289,0.18,0.653,27.0,39.0,66.0,PF
59,Finland,2011,82484,FIN,2024.0,0.827,0.782,0.582,0.736,0.703,0.95,0.814,1.0,0.961,0.977,0.974,0.965,3.0,1.66,0.024,0.944,,0.023,0.017,0.934,40.0,60.0,100.0,F
60,France,2008,90197,FRA,2024.0,0.864,0.8,0.606,0.793,0.724,0.959,0.883,1.0,0.945,0.938,0.945,0.946,3.0,1.649,0.048,0.915,,0.049,0.019,0.929,38.0,51.0,89.0,F
61,Gabon,1997,74525,GAB,2024.0,0.227,0.151,0.208,0.194,0.214,0.755,0.568,1.0,0.0,0.863,0.266,0.145,0.0,0.252,0.733,0.793,,0.724,0.778,0.81,2.0,18.0,20.0,NF
62,Gambia,2004,249538,,,,,,,,,,,,,,,,,,,,,,,,,,
63,Georgia,2004,95297,GEO,2024.0,0.48,0.327,0.282,0.384,0.374,0.701,0.737,1.0,0.474,0.761,0.443,0.648,1.0,0.499,0.493,0.776,,0.188,0.127,0.828,22.0,36.0,58.0,PF
64,German Federal Republic,2012,175294,,,,,,,,,,,,,,,,,,,,,,,,,,
65,Ghana,1996,330586,GHA,2024.0,0.665,0.56,0.318,0.544,0.459,0.857,0.881,1.0,0.657,0.858,0.827,0.877,2.0,1.204,0.145,0.889,,0.638,0.665,0.798,35.0,45.0,80.0,F
66,Greece,2008,169583,GRC,2024.0,0.744,0.565,0.51,0.615,0.647,0.808,0.811,1.0,0.944,0.892,0.776,0.545,2.0,1.239,0.192,0.875,,0.237,0.161,0.914,35.0,50.0,85.0,F
67,Grenada,1992,190118,,,,,,,,,,,,,,,,,,,,,,,,,,
68,Guatemala,1993,195943,GTM,2024.0,0.609,0.492,0.389,0.423,0.298,0.804,0.797,1.0,0.65,0.6,0.962,0.854,2.0,0.988,0.053,0.738,,0.691,0.627,0.723,17.0,29.0,46.0,PF
69,Guinea,2010,80168,GIN,2024.0,0.159,0.075,0.105,0.076,0.139,0.539,0.228,1.0,0.0,0.232,0.263,0.136,0.0,-0.42,0.76,0.323,,0.862,0.885,0.534,7.0,23.0,30.0,NF
70,Guinea Bissau,1991,50694,,,,,,,,,,,,,,,,,,,,,,,,,,
71,Guyana,1995,256662,GUY,2024.0,0.491,0.314,0.283,0.235,0.366,0.788,0.823,1.0,0.414,0.773,0.668,0.266,1.0,0.629,0.364,0.85,,0.507,0.488,0.818,30.0,43.0,73.0,F
72,Haiti,2012,126039,HTI,2024.0,0.237,0.101,0.119,0.194,0.075,0.79,0.612,1.0,0.0,0.486,0.256,0.602,0.0,0.446,0.795,0.741,,0.786,0.708,0.402,11.0,19.0,30.0,NF
73,Honduras,2012,167332,HND,2024.0,0.538,0.383,0.33,0.397,0.278,0.867,0.872,1.0,0.405,0.761,0.816,0.423,2.0,0.848,0.234,0.821,,0.749,0.748,0.8,22.0,26.0,48.0,PF
74,Hungary,2011,96078,HUN,2024.0,0.444,0.325,0.278,0.186,0.313,0.512,0.655,1.0,0.605,0.872,0.63,0.497,1.0,0.446,0.367,0.824,,0.494,0.202,0.832,24.0,41.0,65.0,PF
75,Iceland,1999,25334,ISL,2024.0,0.842,0.757,0.605,0.759,0.764,0.912,0.918,1.0,0.924,0.974,0.946,0.818,3.0,1.552,0.052,0.953,,0.023,0.017,0.891,37.0,57.0,94.0,F
76,India,2012,616928,IND,2024.0,0.381,0.281,0.246,0.279,0.201,0.477,0.57,1.0,0.499,0.563,0.71,0.631,1.0,0.4,0.296,0.535,,0.681,0.692,0.629,33.0,33.0,66.0,PF
77,Indonesia,2002,37591,IDN,2024.0,0.496,0.332,0.323,0.422,0.3,0.741,0.683,1.0,0.528,0.649,0.59,0.551,1.0,0.683,0.375,0.7,,0.767,0.731,0.73,29.0,28.0,57.0,PF
78,Iran,1989,102919,IRN,2024.0,0.166,0.088,0.042,0.108,0.152,0.23,0.09,1.0,0.23,0.314,0.116,0.339,1.0,-0.54,0.834,0.252,,0.783,0.661,0.327,4.0,7.0,11.0,NF
79,Iraq,2005,75873,IRQ,2024.0,0.361,0.21,0.218,0.258,0.216,0.533,0.586,1.0,0.364,0.425,0.338,0.599,1.0,0.408,0.577,0.515,,0.85,0.741,0.588,16.0,14.0,30.0,NF
80,Ireland,2012,94835,IRL,2024.0,0.895,0.83,0.626,0.814,0.783,0.974,0.912,1.0,0.953,0.975,0.957,0.888,3.0,1.766,0.039,0.957,,0.032,0.02,0.921,39.0,58.0,97.0,F
81,Israel,2013,108724,ISR,2024.0,0.702,0.597,0.461,0.542,0.559,0.838,0.758,1.0,0.873,0.835,0.857,0.883,2.0,1.225,0.099,0.789,,0.111,0.088,0.872,34.0,40.0,74.0,F
82,Italy,2012,74228,ITA,2024.0,0.784,0.687,0.605,0.673,0.693,0.835,0.875,1.0,0.945,0.945,0.767,0.953,3.0,1.515,0.147,0.907,,0.182,0.112,0.922,36.0,54.0,90.0,F
83,Jamaica,1994,224354,JAM,2024.0,0.798,0.676,0.531,0.613,0.65,0.919,0.881,1.0,0.868,0.892,0.88,0.783,2.0,1.419,0.087,0.879,,0.19,0.167,0.943,33.0,47.0,80.0,F
84,Japan,1946,31269,JPN,2024.0,0.822,0.737,0.526,0.732,0.752,0.849,0.925,1.0,0.942,0.958,0.881,0.901,3.0,1.494,0.094,0.925,,0.05,0.036,0.795,40.0,56.0,96.0,F
85,Jordan,2011,62163,JOR,2024.0,0.274,0.27,0.129,0.258,0.211,0.575,0.592,1.0,0.532,0.782,0.766,0.746,0.0,0.618,0.219,0.676,,0.43,0.321,0.633,11.0,22.0,33.0,NF
86,Kazakhstan,1998,87391,KAZ,2024.0,0.267,0.133,0.123,0.188,0.205,0.359,0.294,1.0,0.339,0.54,0.147,0.267,1.0,-0.168,0.812,0.515,,0.729,0.608,0.728,5.0,18.0,23.0,NF
87,Kenya,2010,300677,KEN,2024.0,0.557,0.437,0.358,0.457,0.343,0.897,0.782,1.0,0.496,0.7,0.788,0.812,2.0,1.005,0.183,0.741,,0.556,0.577,0.803,22.0,30.0,52.0,PF
88,Kiribati,1995,154936,,,,,,,,,,,,,,,,,,,,,,,,,,
89,Kosovo,2008,128022,XKX,2024.0,0.648,0.471,0.361,0.393,0.461,0.755,0.837,1.0,0.757,0.765,0.648,0.675,2.0,0.943,0.283,0.809,,0.272,0.3,0.751,28.0,32.0,60.0,PF
90,Kuwait,1992,52620,KWT,2024.0,0.198,0.179,0.065,0.197,0.198,0.565,0.092,1.0,0.25,0.612,0.738,0.788,0.0,0.329,0.247,0.508,,0.315,0.406,0.365,14.0,24.0,38.0,PF
91,Kyrgyz Republic,2010,90313,,,,,,,,,,,,,,,,,,,,,,,,,,
92,Laos,2003,41664,LAO,2024.0,0.135,0.117,0.113,0.056,0.125,0.038,0.047,1.0,0.226,0.182,0.572,0.403,0.0,-0.918,0.535,0.148,,0.752,0.694,0.494,2.0,11.0,13.0,NF
93,Latvia,2007,29797,LVA,2024.0,0.834,0.759,0.594,0.698,0.722,0.932,0.877,1.0,0.924,0.974,0.942,0.863,3.0,1.566,0.044,0.938,,0.071,0.085,0.951,37.0,51.0,88.0,F
94,Lebanon,2004,39610,LBN,2024.0,0.347,0.226,0.194,0.27,0.216,0.726,0.7,1.0,0.307,0.577,0.512,0.463,1.0,0.472,0.498,0.671,,0.842,0.885,0.607,13.0,29.0,42.0,PF
95,Lesotho,1998,250078,LSO,2024.0,0.652,0.507,0.398,0.491,0.499,0.708,0.873,1.0,0.785,0.797,0.789,0.725,2.0,1.077,0.161,0.793,,0.554,0.657,0.781,30.0,36.0,66.0,F
96,Liberia,1986,73349,LBR,2024.0,0.61,0.398,0.329,0.494,0.4,0.836,0.845,1.0,0.592,0.784,0.581,0.461,2.0,0.919,0.356,0.837,,0.877,0.84,0.831,30.0,34.0,64.0,PF
97,Libya,2011,18926,LBY,2024.0,0.195,0.109,0.087,0.234,0.129,0.558,0.508,1.0,0.0,0.123,0.303,0.504,0.0,0.185,0.58,0.332,,0.819,0.785,0.434,1.0,8.0,9.0,NF
98,Liechtenstein,2003,58465,,,,,,,,,,,,,,,,,,,,,,,,,,
99,Lithuania,2006,88146,LTU,2024.0,0.798,0.732,0.578,0.649,0.696,0.933,0.84,1.0,0.892,0.93,0.94,0.958,2.0,1.451,0.041,0.918,,0.169,0.177,0.924,38.0,51.0,89.0,F
100,Luxembourg,2009,37792,LUX,2024.0,0.869,0.781,0.561,0.824,0.803,0.957,0.895,1.0,0.944,0.98,0.867,0.879,3.0,1.657,0.084,0.946,,0.029,0.023,0.903,38.0,59.0,97.0,F
101,Macedonia,2011,84882,,,,,,,,,,,,,,,,,,,,,,,,,,
102,Madagascar,2010,94440,MDG,2024.0,0.403,0.201,0.236,0.187,0.179,0.658,0.847,1.0,0.235,0.547,0.244,0.343,1.0,0.402,0.721,0.689,,0.883,0.892,0.714,24.0,34.0,58.0,PF
103,Malawi,1999,203337,MWI,2024.0,0.563,0.472,0.366,0.445,0.326,0.784,0.757,1.0,0.599,0.811,0.775,0.922,2.0,1.056,0.164,0.796,,0.721,0.807,0.764,29.0,37.0,66.0,PF
104,Malaysia,1996,378646,MYS,2024.0,0.513,0.359,0.309,0.368,0.376,0.593,0.793,1.0,0.598,0.705,0.777,0.481,2.0,0.566,0.289,0.743,,0.322,0.236,0.772,22.0,31.0,53.0,PF
105,Maldives,2008,151966,MDV,2024.0,0.577,0.435,0.326,0.424,0.373,0.738,0.793,1.0,0.654,0.715,0.781,0.691,2.0,0.855,0.222,0.746,,0.411,0.312,0.538,21.0,23.0,44.0,PF
106,Mali,1992,48641,MLI,2024.0,0.192,0.141,0.169,0.218,0.196,0.589,0.449,1.0,0.0,0.597,0.587,0.096,0.0,-0.084,0.598,0.609,,0.718,0.819,0.729,6.0,20.0,26.0,NF
107,Malta,2011,188844,MLT,2024.0,0.783,0.621,0.538,0.642,0.694,0.829,0.902,1.0,0.903,0.929,0.785,0.614,2.0,1.199,0.176,0.915,,0.186,0.181,0.916,35.0,52.0,87.0,F
108,Marshall Islands,1995,127289,,,,,,,,,,,,,,,,,,,,,,,,,,
109,Mauritania,2012,47862,MRT,2024.0,0.337,0.136,0.227,0.231,0.151,0.646,0.436,1.0,0.292,0.288,0.167,0.327,1.0,0.229,0.772,0.531,,0.853,0.841,0.577,15.0,24.0,39.0,PF
110,Mauritius,2011,221199,MUS,2024.0,0.495,0.371,0.316,0.411,0.382,0.621,0.791,1.0,0.609,0.705,0.707,0.707,1.0,1.064,0.204,0.706,,0.455,0.197,0.78,35.0,50.0,85.0,F
111,Mexico,2007,320436,MEX,2024.0,0.496,0.246,0.342,0.266,0.276,0.645,0.709,1.0,0.592,0.533,0.394,0.243,1.0,0.497,0.548,0.63,,0.581,0.487,0.798,27.0,33.0,60.0,PF
112,Micronesia,1990,32968,,,,,,,,,,,,,,,,,,,,,,,,,,
113,Moldova,2006,82192,MDA,2024.0,0.622,0.503,0.442,0.507,0.493,0.674,0.847,1.0,0.775,0.862,0.859,0.692,2.0,0.908,0.106,0.863,,0.325,0.336,0.896,26.0,35.0,61.0,PF
114,Monaco,2002,28323,,,,,,,,,,,,,,,,,,,,,,,,,,
115,Mongolia,2001,59793,MNG,2024.0,0.498,0.385,0.249,0.395,0.352,0.694,0.658,1.0,0.605,0.741,0.765,0.69,1.0,0.743,0.241,0.753,,0.687,0.743,0.81,36.0,48.0,84.0,F
116,Montenegro,2007,73372,MNE,2024.0,0.64,0.5,0.405,0.504,0.512,0.855,0.868,1.0,0.617,0.903,0.683,0.72,2.0,1.023,0.269,0.901,,0.475,0.264,0.858,27.0,42.0,69.0,PF
117,Morocco,2011,103049,MAR,2024.0,0.261,0.252,0.153,0.279,0.204,0.595,0.548,1.0,0.455,0.708,0.767,0.711,0.0,0.402,0.25,0.651,,0.664,0.707,0.722,13.0,24.0,37.0,PF
118,Mozambique,2007,155802,MOZ,2024.0,0.31,0.189,0.209,0.178,0.2,0.52,0.601,1.0,0.156,0.415,0.567,0.384,1.0,-0.083,0.52,0.488,,0.698,0.879,0.698,14.0,30.0,44.0,PF
119,Myanmar,2008,254443,,,,,,,,,,,,,,,,,,,,,,,,,,
120,Namibia,2010,150207,NAM,2024.0,0.624,0.516,0.344,0.458,0.322,0.844,0.859,1.0,0.612,0.902,0.839,0.757,2.0,0.987,0.155,0.875,,0.283,0.388,0.853,31.0,46.0,77.0,F
121,Nauru,1968,80562,,,,,,,,,,,,,,,,,,,,,,,,,,
122,Nepal,2010,243299,NPL,2024.0,0.669,0.52,0.431,0.428,0.433,0.832,0.865,1.0,0.711,0.732,0.781,0.789,2.0,1.067,0.179,0.771,,0.622,0.609,0.774,28.0,34.0,62.0,PF
123,Netherlands,2008,57021,NLD,2024.0,0.823,0.766,0.554,0.732,0.728,0.892,0.868,1.0,0.955,0.95,0.951,0.956,3.0,1.578,0.036,0.904,,0.018,0.023,0.901,39.0,58.0,97.0,F
124,Nicaragua,2005,122015,NIC,2024.0,0.151,0.02,0.098,0.018,0.085,0.022,0.042,1.0,0.137,0.038,0.003,0.026,1.0,-1.389,0.992,0.088,,0.942,0.911,0.526,4.0,12.0,16.0,NF
125,Niger,2010,90177,NER,2024.0,0.237,0.182,0.199,0.247,0.221,0.749,0.665,1.0,0.0,0.806,0.755,0.719,0.0,0.621,0.362,0.762,,0.57,0.676,0.701,6.0,27.0,33.0,PF
126,Nigeria,1999,382748,NGA,2024.0,0.499,0.314,0.336,0.354,0.298,0.893,0.793,1.0,0.35,0.643,0.429,0.591,1.0,0.8,0.479,0.679,,0.932,0.888,0.689,20.0,24.0,44.0,PF
127,Norway,2004,44949,NOR,2024.0,0.889,0.847,0.637,0.861,0.843,0.948,0.915,1.0,0.967,0.972,0.955,0.984,3.0,1.867,0.027,0.947,,0.01,0.012,0.929,39.0,59.0,98.0,F
128,Oman,2011,47640,OMN,2024.0,0.175,0.139,0.125,0.068,0.174,0.151,0.049,1.0,0.689,0.583,0.41,0.316,0.0,-0.224,0.595,0.444,,0.253,0.348,0.364,6.0,18.0,24.0,NF
129,Pakistan,2012,349926,PAK,2024.0,0.313,0.193,0.197,0.209,0.114,0.559,0.569,1.0,0.172,0.33,0.586,0.466,1.0,0.184,0.416,0.456,,0.818,0.7,0.506,14.0,21.0,35.0,PF
130,Palau,1992,49072,,,,,,,,,,,,,,,,,,,,,,,,,,
131,Panama,2004,167385,PAN,2024.0,0.728,0.578,0.426,0.562,0.471,0.804,0.874,1.0,0.847,0.853,0.694,0.808,2.0,1.235,0.225,0.888,,0.484,0.284,0.775,35.0,48.0,83.0,F
132,Papua New Guinea,1991,339782,PNG,2024.0,0.462,0.38,0.277,0.246,0.247,0.818,0.879,1.0,0.27,0.7,0.863,0.79,1.0,0.862,0.13,0.804,,0.698,0.907,0.48,22.0,39.0,61.0,PF
133,Paraguay,2011,178431,PRY,2024.0,0.581,0.39,0.343,0.315,0.252,0.751,0.8,1.0,0.633,0.703,0.721,0.454,2.0,0.749,0.284,0.792,,0.801,0.674,0.694,26.0,37.0,63.0,PF
134,Peoples Republic of Korea,1998,48762,,,,,,,,,,,,,,,,,,,,,,,,,,
135,Peru,2009,119288,PER,2024.0,0.642,0.501,0.43,0.36,0.38,0.739,0.745,1.0,0.859,0.757,0.782,0.777,2.0,0.947,0.197,0.791,,0.619,0.226,0.788,27.0,39.0,66.0,PF
136,Philippines,1987,140102,PHL,2024.0,0.411,0.301,0.274,0.259,0.175,0.676,0.696,1.0,0.336,0.56,0.649,0.736,1.0,0.575,0.331,0.561,,0.837,0.65,0.803,25.0,33.0,58.0,PF
137,Poland,1997,126303,POL,2024.0,0.73,0.613,0.492,0.605,0.635,0.911,0.859,1.0,0.76,0.901,0.728,0.906,2.0,1.221,0.188,0.916,,0.106,0.118,0.874,33.0,47.0,80.0,F
138,Portugal,2005,232710,PRT,2024.0,0.836,0.754,0.561,0.735,0.689,0.899,0.893,1.0,0.943,0.889,0.947,0.919,2.0,1.51,0.05,0.904,,0.166,0.115,0.862,39.0,57.0,96.0,F
139,Qatar,2003,43237,QAT,2024.0,0.087,0.095,0.039,0.129,0.108,0.053,0.039,0.35,0.411,0.44,0.502,0.071,0.0,-0.799,0.66,0.356,,0.32,0.401,0.386,7.0,18.0,25.0,NF
140,Republic of Korea,1987,58134,,,,,,,,,,,,,,,,,,,,,,,,,,
141,Romania,2003,93431,ROU,2024.0,0.628,0.449,0.422,0.28,0.442,0.736,0.783,1.0,0.777,0.825,0.661,0.555,2.0,0.729,0.354,0.871,,0.389,0.319,0.861,35.0,48.0,83.0,F
142,Russia,2008,88793,RUS,2024.0,0.171,0.057,0.121,0.05,0.129,0.08,0.125,1.0,0.142,0.303,0.046,0.073,1.0,-0.973,0.942,0.26,,0.795,0.781,0.535,4.0,9.0,13.0,NF
143,Rwanda,2010,113015,RWA,2024.0,0.201,0.091,0.133,0.186,0.164,0.154,0.167,1.0,0.278,0.238,0.179,0.275,1.0,-0.444,0.781,0.176,,0.418,0.356,0.613,8.0,15.0,23.0,NF
144,Samoa,2010,107123,,,,,,,,,,,,,,,,,,,,,,,,,,
145,Sao Tome and Principe,1990,50668,STP,2024.0,0.632,0.519,0.392,0.416,0.448,0.793,0.768,1.0,0.753,0.911,0.725,0.824,2.0,1.005,0.227,0.892,,0.285,0.369,0.844,35.0,49.0,84.0,F
146,Saudi Arabia,2005,42463,SAU,2024.0,0.015,0.047,0.024,0.061,0.113,0.087,0.029,0.0,0.0,0.204,0.285,0.045,0.0,-1.238,0.793,0.172,,0.326,0.428,0.361,1.0,7.0,8.0,NF
147,Senegal,2009,64805,SEN,2024.0,0.605,0.461,0.387,0.529,0.443,0.82,0.73,1.0,0.698,0.832,0.674,0.722,2.0,1.009,0.262,0.802,,0.404,0.536,0.856,28.0,39.0,67.0,PF
148,Serbia,2006,128606,SRB,2024.0,0.315,0.225,0.223,0.21,0.283,0.438,0.655,1.0,0.207,0.863,0.433,0.354,1.0,0.161,0.538,0.775,,0.76,0.641,0.887,18.0,39.0,57.0,PF
149,Seychelles,2011,231635,SYC,2024.0,0.737,0.652,0.322,0.679,0.612,0.822,0.832,1.0,0.888,0.964,0.952,0.8,3.0,1.303,0.051,0.904,,0.047,0.093,0.887,34.0,45.0,79.0,F
150,Sierra Leone,2008,269006,SLE,2024.0,0.471,0.363,0.307,0.433,0.329,0.823,0.837,1.0,0.319,0.832,0.65,0.706,1.0,0.757,0.348,0.824,,0.571,0.698,0.833,24.0,36.0,60.0,PF
151,Singapore,2010,264179,SGP,2024.0,0.418,0.348,0.116,0.344,0.36,0.348,0.584,1.0,0.806,0.903,0.846,0.561,1.0,0.355,0.225,0.714,,0.032,0.009,0.78,19.0,29.0,48.0,PF
152,Slovakia,2001,114079,SVK,2024.0,0.746,0.59,0.521,0.37,0.582,0.807,0.838,1.0,0.93,0.877,0.838,0.607,2.0,1.133,0.141,0.861,,0.278,0.18,0.879,37.0,53.0,90.0,F
153,Slovenia,2006,81483,SVN,2024.0,0.725,0.63,0.549,0.618,0.635,0.752,0.861,1.0,0.916,0.944,0.779,0.917,2.0,1.256,0.166,0.889,,0.057,0.064,0.939,39.0,57.0,96.0,F
154,Socialist Republic of Vietnam,2001,78342,,,,,,,,,,,,,,,,,,,,,,,,,,
155,Solomon Islands,2009,201422,SLB,2024.0,0.688,0.536,0.424,0.39,0.433,0.84,0.874,1.0,0.73,0.832,0.826,0.648,2.0,1.061,0.192,0.857,,0.602,0.608,0.675,28.0,47.0,75.0,F
156,Somalia,2012,135564,SOM,2024.0,0.165,0.127,0.092,0.198,0.101,0.619,0.444,0.002,0.0,0.372,0.208,0.609,0.0,0.172,0.74,0.424,,0.87,0.9,0.341,2.0,6.0,8.0,NF
157,South Africa,2012,288626,ZAF,2024.0,0.734,0.648,0.463,0.647,0.512,0.835,0.894,1.0,0.812,0.865,0.918,0.926,2.0,1.375,0.066,0.867,,0.517,0.751,0.839,33.0,46.0,79.0,F
158,South Sudan,2011,175892,SSD,2024.0,0.154,0.071,0.09,0.039,0.05,0.182,0.29,1.0,0.0,0.157,0.208,0.231,0.0,-0.585,0.807,0.243,,0.864,0.841,0.512,-3.0,4.0,1.0,NF
159,Spain,2011,116082,ESP,2024.0,0.826,0.743,0.574,0.694,0.694,0.85,0.915,1.0,0.956,0.972,0.937,0.833,3.0,1.577,0.051,0.947,,0.098,0.033,0.926,37.0,53.0,90.0,F
160,Sri Lanka,2010,363222,LKA,2024.0,0.677,0.497,0.439,0.451,0.481,0.857,0.747,1.0,0.812,0.758,0.831,0.543,2.0,1.093,0.172,0.794,,0.456,0.361,0.69,22.0,32.0,54.0,PF
161,St Kitts and Nevis,1983,276692,,,,,,,,,,,,,,,,,,,,,,,,,,
162,St Lucia,1978,234087,,,,,,,,,,,,,,,,,,,,,,,,,,
163,St Vincent and the Grenadines,1979,194874,,,,,,,,,,,,,,,,,,,,,,,,,,
164,Sudan,2005,176612,SDN,2024.0,0.137,0.03,0.07,0.033,0.061,0.268,0.321,1.0,0.0,0.081,0.122,,0.0,-0.565,0.907,0.186,,0.839,0.743,0.202,-3.0,9.0,6.0,NF
165,Surinam,1992,79981,,,,,,,,,,,,,,,,,,,,,,,,,,
166,Swaziland,2005,295246,SWZ,2024.0,0.129,0.101,0.11,0.064,0.076,0.113,0.023,1.0,0.376,0.252,0.368,0.38,0.0,-0.611,0.664,0.205,,0.54,0.864,0.385,1.0,16.0,17.0,NF
167,Sweden,2012,367078,SWE,2024.0,0.881,0.846,0.629,0.809,0.794,0.946,0.921,1.0,0.945,0.983,0.976,0.989,3.0,1.815,0.017,0.961,,0.009,0.019,0.924,40.0,59.0,99.0,F
168,Switzerland,2002,111630,CHE,2024.0,0.882,0.843,0.785,0.852,0.82,0.967,0.917,1.0,0.942,0.982,0.982,0.956,3.0,1.826,0.019,0.951,,0.023,0.007,0.939,39.0,57.0,96.0,F
169,Syria,2012,51756,SYR,2024.0,0.143,0.054,0.065,0.042,0.077,0.07,0.094,,0.0,0.141,0.142,0.166,0.0,,0.876,0.134,,0.797,0.754,0.23,-3.0,4.0,1.0,NF
170,Taiwan,2005,72496,TWN,2024.0,0.804,0.707,0.626,0.693,0.699,0.851,0.89,1.0,0.94,0.962,0.844,0.857,3.0,1.436,0.131,0.931,,0.22,0.175,0.9,38.0,56.0,94.0,F
171,Tajikistan,2003,51680,TJK,2024.0,0.168,0.041,0.055,0.047,0.07,0.087,0.137,1.0,0.1,0.116,0.039,0.098,1.0,-1.007,0.96,0.174,,0.882,0.867,0.446,0.0,5.0,5.0,NF
172,Tanzania,1995,206780,TZA,2024.0,0.413,0.357,0.266,0.303,0.339,0.683,0.695,1.0,0.362,0.814,0.808,0.804,1.0,0.675,0.164,0.78,,0.281,0.164,0.845,12.0,24.0,36.0,PF
173,Thailand,2007,276741,THA,2024.0,0.41,0.306,0.193,0.223,0.237,0.582,0.65,0.994,0.429,0.415,0.725,0.862,1.0,0.553,0.273,0.499,,0.635,0.522,0.748,12.0,24.0,36.0,PF
174,Togo,2007,66419,TGO,2024.0,0.35,0.167,0.207,0.293,0.256,0.576,0.57,1.0,0.283,0.546,0.194,0.266,1.0,0.074,0.772,0.577,,0.773,0.704,0.706,15.0,27.0,42.0,PF
175,Tonga,1988,54512,,,,,,,,,,,,,,,,,,,,,,,,,,
176,Trinidad and Tobago,2007,192411,TTO,2024.0,0.773,0.653,0.494,0.674,0.65,0.886,0.884,1.0,0.847,0.875,0.827,0.849,3.0,1.37,0.125,0.89,,0.1,0.124,0.879,33.0,49.0,82.0,F
177,Tunisia,2014,84873,TUN,2024.0,0.422,0.271,0.254,0.345,0.339,0.751,0.48,1.0,0.481,0.747,0.377,0.507,1.0,0.272,0.553,0.698,,0.41,0.542,0.774,16.0,35.0,51.0,PF
178,Turkey,2002,189628,,,,,,,,,,,,,,,,,,,,,,,,,,
179,Turkmenistan,2008,39971,TKM,2024.0,0.149,0.034,0.033,0.024,0.088,0.042,0.063,1.0,0.071,0.104,0.049,0.061,0.0,-1.264,0.947,0.114,,0.891,0.915,0.434,0.0,2.0,2.0,NF
180,Tuvalu,1986,209499,,,,,,,,,,,,,,,,,,,,,,,,,,
181,Uganda,2005,313992,UGA,2024.0,0.261,0.168,0.161,0.237,0.171,0.443,0.416,1.0,0.129,0.47,0.266,0.59,1.0,-0.076,0.669,0.385,,0.844,0.808,0.707,10.0,24.0,34.0,NF
182,Ukraine,2004,122814,UKR,2024.0,0.387,0.23,0.257,0.325,0.29,0.411,0.559,1.0,0.602,0.515,0.322,0.613,1.0,0.466,0.536,0.552,,0.633,0.498,0.873,21.0,28.0,49.0,PF
183,United Arab Emirates,2004,71113,ARE,2024.0,0.104,0.077,0.031,0.082,0.126,0.062,0.04,0.36,0.543,0.495,0.141,0.138,0.0,-0.661,0.843,0.346,,0.105,0.116,0.6,5.0,13.0,18.0,NF
184,United States of America,1992,45800,USA,2024.0,0.843,0.751,0.602,0.745,0.612,0.904,0.943,1.0,0.9,0.931,0.902,0.863,3.0,1.611,0.082,0.927,,0.051,0.029,0.868,33.0,50.0,83.0,F
185,Uruguay,2004,191542,URY,2024.0,0.846,0.768,0.702,0.716,0.681,0.913,0.89,1.0,0.949,0.928,0.951,0.884,3.0,1.521,0.053,0.926,,0.051,0.116,0.871,40.0,56.0,96.0,F
186,Uzbekistan,1992,51676,UZB,2024.0,0.214,0.074,0.08,0.149,0.15,0.222,0.146,1.0,0.288,0.368,0.08,0.051,0.0,-0.563,0.915,0.368,,0.835,0.801,0.631,2.0,10.0,12.0,NF
187,Vanuatu,1983,52183,VUT,2024.0,0.8,0.686,0.514,0.61,0.623,0.884,0.888,1.0,0.897,0.891,0.911,0.792,2.0,1.403,0.093,0.892,,0.279,0.195,0.694,32.0,50.0,82.0,F
188,Venezuela,2009,240449,VEN,2024.0,0.196,0.046,0.154,0.025,0.094,0.211,0.253,1.0,0.069,0.207,0.016,0.04,1.0,-0.906,0.976,0.335,,0.97,0.985,0.759,1.0,14.0,15.0,NF
189,Yemen,2001,68130,YEM,2024.0,0.126,0.047,0.071,0.045,0.033,0.243,0.257,1.0,0.0,0.105,0.162,0.12,0.0,-0.572,0.839,0.217,,0.91,0.828,0.171,1.0,9.0,10.0,NF
190,Zambia,2009,181924,ZMB,2024.0,0.512,0.39,0.355,0.429,0.33,0.784,0.785,1.0,0.471,0.722,0.719,0.757,2.0,0.874,0.233,0.826,,0.351,0.556,0.81,23.0,31.0,54.0,PF
191,Zimbabwe,2013,348577,ZWE,2024.0,0.272,0.156,0.204,0.208,0.142,0.44,0.438,1.0,0.168,0.43,0.214,0.528,1.0,-0.101,0.727,0.38,,0.824,0.857,0.715,10.0,17.0,27.0,NF
